UNIQUE_CARRIER,CARRIER
MAC,B6
XY,VX
COC,VX
GSA,04Q
RZZ,AJQ
GLW,AJQ
PRN,AJQ
STZ,AJQ
SWT,AJQ
TSF,AJQ
VEZ,AMQ
WEB,AMQ
AAR,G4
CHI,G4
MRC,0WQ
OHZ,0WQ
PRO,0WQ
SAI,0WQ
SLZ,AA
AAZ,AA
IMP,DL
TWA,DL
WRT,DL
COL,DL
MVA,DL
CHL,DL
JCZ,DL
MIS,DL
STG,DL
CKI,DL
CMD,DL
EMA,DL
ORI,DL
RAN,DL
AJ,DL
SKI,DL
WWI,DL
AND,DL
ACG,DL
AAA,DL
AAB (1),GL
AAE,GL
AAL,GL
ABH,UA
ABI,UA
ABO,UA
ACA,UA
ACH,UA
ACI,UA
ACO,UA
ACP,UA
ACS,WN
ACT,WN
ACK,WN
AEC,WN
AFA,WN
AGA,WN
AIA,WN
AIE,WN
AIM,WN
AIN,WN
ALE,WN
ALI,WN
ALL,WN
AMA,27Q
AMI,27Q
ANB,27Q
ANM,27Q
ANO,27Q
ANT,27Q
AOI,X9
API,09Q
APL,09Q
APY,09Q
ARI,09Q
ARN,09Q
ARO,09Q
ARR,09Q
ASD,09Q
ASI,09Q
ASP,KLQ
AST,KLQ
ATN,LF
ATO,LF
ATS,SY
ATT,SY
ATX,SY
AVA,SY
AVI,SY
AVS,SY
AVZ,SY
BAC,SY
BAH,U7
BAK,U7
BAR,9S
BCA,9S
BEN,AS
BEY,AS
BHK,AX
BHO,AX
BIR,KS
BMT,KS
BOA,KS
BRO,KS
BUR,KS
CAC,KS
CAI,KS
CAM,KS
CAP,KS
CAT,KS
CAV,KS
CBA,KS
CEN,KS
CET,ZK
CHD,ZK
CHE,4B
CHF,AJQ
CHO,AJQ
CHS,AJQ
CIS,AJQ
CNN,G4
COB,G4
COK,AA
COM,AA
COR,AA
COS,AA
COT,AA
COU,AA
CPA,AA
CPC,AA
CRA,AA
CRN,AA
CRO,AA
CRT,DL
CSK,DL
CTA,DL
CTH,DL
CVA,DL
DAN,DL
DEA,DL
DEC,G7
DHL,G7
DIC,OO
DPA,OO
DPI,OO
DST,OO
EAI,OO
EAS,OO
ECI,OO
EDE,OO
EFA,OO
EGL,OO
EHA,OO
EIA,OO
EKA,OO
ERI,OO
ERO,OO
EVA,OO
FAR,OO
FBI,OO
FCA,OO
FDA,OO
FDM,OO
FLM,OO
FOR,OO
FOS,OO
FVA,OO
FWA,OO
GAS,OO
GAV,OO
GBA,OO
GCA,OO
GCS,OO
GHA,OO
GMA,OO
GOF,OO
GRO,OO
GSL,OO
GUL,OO
GUN,OO
GWE,OO
HEU,OO
HFS,OO
HMZ,OO
HOL,OO
HOR,OO
HPZ,UA
HRA,UA
HSZ,UA
HUB,UA
HWK,UA
HYA,UA
ICF,UA
III,UA
INA,UA
IND,UA
IPI,UA
ISL,UA
JAM,UA
JCM,UA
JER,UA
KAI,UA
KEE,UA
KWZ,UA
KXZ,UA
LAN,UA
LAW,UA
LHA,UA
LLA,UA
LOS,UA
LVA,UA
MAG,UA
MAI,UA
MAR,UA
MAX,UA
MCO,UA
MDU,UA
MET,UA
MIY,UA
MLL,UA
MMH,UA
MNZ,UA
MRR,UA
MST,UA
MTA,UA
MTR,UA
NAC,UA
NEB,UA
NEC,WN
NEV,WN
NGL,WN
NHA,WN
NJA,WN
NPT,WN
NTH,WN
NUM,WN
NYH,WN
OAK,WN
OCR,WN
OFF,WN
OHA,WN
OIZ,WN
OMK,WN
OMN,WN
OOZ,WN
OWS,WN
PAI,WN
PBA,YX
PCA,YX
PDA,YX
PEA,YX
PER,YX
PET,YX
PHL,YX
PHX,YX
PIA,YX
PLA,YX
PLZ,YX
PMA,F9
PNR,F9
POC,F9
POM,F9
PON,F9
PRA,F9
PRR,F9
PVA,F9
QOZ,F9
RAL,F9
REA,F9
RED,F9
RHA,F9
RIC,F9
RID,F9
RIO,F9
RIV,F9
RJS,F9
ROE,F9
ROY,F9
RWG,F9
SAJ,F9
SAM,F9
SAS,F9
SAX,FX
SBA,FX
SBN,FX
SCO,FX
SCT,FX
SCY,FX
SEM,FX
SFI,FX
SFO,FX
SFS,FX
SHS,FX
SHV,NK
SIA,NK
SJA,YV
SKL,AX
SKM,AX
SMC,AX
SNC,MQ
SNE,MQ
SOA,ZK
SOL,ZK
SPF,EV
SRL,EV
SSP,EV
SSS,EV
SST,5X
STF,5X
STR,5X
SUI,5X
SUT,5X
SVL,AA
SWA,AA
TAC,AA
TAL,DL
TAS,DL
TCA,DL
TCE,G7
TCI,G7
TCL,OO
TCO,OO
TEN,OO
TER,OO
THO,OO
TIA,OO
TIS,OO
TMA,OO
TNS,OO
TRP,OO
TSI,OO
TUL,OO
TYE,OO
UAI,OO
USA,UA
VAG,UA
VER,UA
VIG,UA
VIN,UA
VLY,UA
WAC,UA
WCA,UA
WCI,UA
WES,UA
WET,UA
WFS,UA
WIA,UA
WIL,UA
WNG,UA
ZFZ,UA
ZIA,UA
ZMZ,UA
ZYZ,UA
PSA,UA
RV (1),WN
NW,WN
NW,WN
NW,WN
NW,WN
WC,WN
FTI,WN
QH,WN
QH,WN
QH,WN
OC,WN
PS (1),WN
RIQ,WN
RIQ,YX
RIQ,YX
WN,YX
WN,YX
VL,YX
RCA,YX
QG,F9
RC,F9
DAU,F9
NY,F9
GIQ,F9
GIQ,F9
GIQ,F9
CJ,FX
UNQ,FX
UNQ,9E
PTQ,9E
PTQ,5X
PTQ,AA
ACD,G7
ACL,G7
ACW,G7
AIG,G7
AMT,G7
BOI,G7
CMB,OO
DUZ,OO
EEZ,OO
FAA,OO
FAC,OO
PHR,OO
ROS,OO
RRT,OO
SSA,OO
XAA,OO
XAC,OO
XAJ,OO
XAT,OO
XBF,OO
XBH,OO
XBI,OO
XBJ,OO
XBQ,OO
XBR,OO
XAQ,OO
XAZ,OO
XBP,OO
XBT,OO
XBX,UA
XAM,UA
XAE,UA
XAF,UA
XAG,UA
XAI,UA
XAK,UA
XAO,UA
XAR,UA
XAS,UA
XAY,UA
XBM,WN
XAU,WN
CGL,WN
CL,WN
CL,WN
CL,WN
AEQ,WN
AGQ,WN
AIQ,WN
ALQ,WN
AO,WN
BLQ,WN
BXQ,WN
DA,WN
DM,WN
DOQ,WN
DQQ,WN
EBQ,WN
ERQ,WN
FAQ,WN
HIQ,WN
HRQ,WN
HVQ,WN
ICQ,WN
IKQ,YX
IN,YX
IR,YX
IXQ,YX
JXQ,YX
KKQ,YX
KWQ,YX
LIQ,YX
MAQ,YX
MGQ,YX
MZ,YX
NFQ,YX
NKQ,YX
NN,YX
NSQ,YX
NTQ,YX
NUQ,YX
ONQ,F9
OWQ,F9
PD (1),F9
PV,F9
PW,F9
QB,AX
RB,AX
RSQ,AX
RY,AX
SJQ,AX
SSQ,AX
ST,AX
STQ,AX
TLQ,EV
TXQ,5X
UMQ,CP
VOQ,CP
WDQ,AA
WGQ,AA
WM,G7
XBV,G7
YBQ,G7
AE,G7
ND,OO
JU (1),OO
UT,OO
HJ,OO
SH,OO
NBQ,OO
SZQ,OO
BOQ,OO
ADQ,OO
DO,OO
WT,OO
PZ,OO
GE,UA
VA (1),UA
ED,UA
CF,UA
GU,UA
CP (1),UA
GY,UA
ESQ,UA
ON,UA
PL,UA
BBQ,UA
SN (1),UA
RK,UA
AC,UA
AF,UA
AI,UA
AI,UA
AM,UA
AR,UA
AT,UA
AV,UA
AY,UA
AZ,UA
AZ,UA
BA,UA
BD,WN
BW,WN
BW,WN
CA,WN
CI,WN
CV,WN
FI,WN
IB,WN
JL,WN
JM,WN
KE,WN
KL,WN
LA,WN
LB,YX
LH,YX
LO,YX
LR,YX
LT,F9
LY,F9
MX,F9
NWQ,F9
OA,SY
PH,AX
PK,AX
PR,MQ
PY,MQ
QF,5X
RG,5X
RJ,5X
RO,5X
SA,G7
SK,G7
SQ,G7
SU,OO
SU,OO
TA,OO
TG,OO
TP,OO
UP,OO
MC,OO
HLQ,OO
UC,OO
ALT,OO
ANC,OO
BAA,OO
DIR,OO
SKT,OO
TGO,OO
THQ,OO
THQ,OO
THQ,UA
ROA,UA
AED,UA
ALX,UA
AOR,UA
AVR,UA
DOL,UA
DVO,UA
KIN,UA
NFA,UA
SLO,UA
STA,UA
TRO,UA
WIR,UA
WSU,UA
HX (1),UA
HX (1),UA
VB (1),UA
QS (1),UA
HAR,UA
MIN,UA
VIS,UA
FT,WN
FT,WN
FT,WN
FT,WN
OD (1),WN
OD,WN
NRN,WN
6P,WN
TJ,WN
TJ,YX
TJ,F9
EOQ,F9
RAQ,SY
RAQ,AX
RAQ,ZK
KU,ZK
BAY,G7
DSA,G7
LAS,G7
QTQ,G7
AFQ,OO
GX,OO
EI,OO
SV,OO
XAB,OO
XBZ,OO
CIQ,OO
ANI,OO
ARA,OO
MUA,OO
PCL,OO
SER,OO
TTM,OO
CMQ,OO
HAQ,OO
CB,OO
ME,UA
AFS,UA
GRD,UA
KOD,UA
MAE,UA
NCA,UA
SAC,UA
WAR,UA
EP,UA
EP,UA
EP,UA
AXQ,UA
JIQ,UA
JIQ,WN
JIQ,WN
HER,WN
LSZ,WN
AAT,WN
AAT,WN
EAT,WN
SPH,WN
AHQ,YX
AHQ,YX
EXC (1),YX
SNA,YX
ARM,YX
PAT,FX
TKQ,FX
TKQ,FX
TKQ,FX
AAI,FX
GAQ,AX
GAQ,G4
GAQ,G4
IDQ,G7
TR (1),G7
XCA,OO
XBC,OO
ARS,OO
CRE,OO
TFZ,OO
FH,OO
AWQ,UA
BF,UA
BF,UA
VK,UA
RES,UA
AAV,UA
AME,UA
ARP,UA
SKS,UA
BFQ,UA
BFQ,UA
BFQ,UA
AQ,UA
AQ,UA
APS,UA
EME,UA
FRT,UA
VS,UA
MKQ,UA
MKQ,UA
MKQ,WN
INQ,WN
INQ,WN
INQ,WN
TPQ,WN
TPQ,WN
TPQ,WN
WFT,AX
QX,AX
QX,AX
QX,5X
2M,5X
SDQ,AA
HA,AA
HA,G7
HA,OO
HA,OO
XDA,OO
RIA,UA
NPA,UA
FLR,UA
TAT,UA
RAY,UA
RAY,UA
RAY,UA
WWQ,UA
AQQ,UA
MB,UA
APH,UA
JTA,UA
KB,UA
HSV,WN
CO,WN
CO,WN
CO,WN
CO,WN
IRQ,WN
IRQ,WN
IRQ,WN
IRQ,WN
CLD,YX
EA,F9
EA,F9
EA,FX
CSM,AX
AMR,AX
AAP,AX
EGA,G4
BEA,G4
ACN,G4
ASR,G4
BAT,G4
BRK,G4
CMR,1AQ
CRH,1AQ
CTL,OO
EEX,OO
LAA,OO
NAT,OO
OMI,OO
SEP,OO
TUR,OO
WSK,UA
FW,UA
CUQ,UA
BDE,UA
4R,UA
WTA,UA
AON,UA
CAF,WN
ENT,WN
IEX,WN
MAA,WN
MEX,WN
OTT,F9
PRM,5X
SAL,OO
WGL,OO
ZY,OO
ZY,OO
ZY,OO
PKQ,UA
PKQ,UA
XV,UA
DC,UA
GA,UA
MS,UA
BYA,UA
FFQ,UA
FFQ,UA
FFQ,UA
KFS,WN
LEQ,WN
BRW,WN
BIA,WN
CCA,WN
GPA,WN
IOW,WN
MWA,YX
RSC,F9
TXA,F9
AHC,F9
AHC,FX
AHC,FX
XK,AX
ALS,AX
AEO,ZK
ALK,ZK
BFG,4B
HEL,4B
LAH,DL
OMH,OO
RVA,UA
CM,UA
ZAQ,UA
POL,UA
XDC,UA
AIT,UA
CGA,UA
YM,UA
XYZ,WN
XYZ,WN
XYZ,WN
VE,WN
CX,F9
GAL,F9
STW,AX
EXR,B6
PRP,B6
WAI,G7
HNS,G7
FDQ,OO
FDQ,UA
FDQ,UA
FDQ,UA
FD,UA
FD,UA
FD,UA
FD,UA
VP,WN
DL,FX
DL,AX
DL,G4
DL,G4
NH,DL
XDD,OO
AZQ,OO
MDC,UA
MH,UA
PMT,UA
PMT,UA
PMT,UA
ZO,UA
ZO,UA
OPQ,UA
OPQ,UA
OPQ,F9
NAQ,F9
APE,F9
LCT,F9
MTV,F9
7F,F9
VR,F9
AA,F9
AA,FX
AA,OO
AA,UA
WAQ,UA
HET,UA
BM,UA
VY,UA
MPA,UA
MPA,UA
MPA,UA
ATQ,WN
LBQ,WN
LBQ,F9
LBQ,F9
ARB,OO
ASU,OO
ASH,OO
BAN,UA
CCO,UA
ECR,UA
HEP,UA
THA,YX
TK,F9
PI,F9
PI,FX
PI,AX
XDE,AX
HFQ,AX
KET,QX
XDF,QX
NAP,DL
GM,OO
GM,UA
GM,UA
GM,UA
GM,UA
GM,UA
KI,YX
KZ,F9
SEG,F9
NAS,F9
ALU,F9
CUS,F9
GSC,F9
GST,FX
SPG,FX
SPR,FX
EH,FX
MUQ,FX
GG (1),AX
GG (1),AX
GG (2),4B
MPC,4B
EET,DL
TAQ,DL
CTR,G7
LAR,OO
QWE,OO
TAF,OO
WRA,OO
Q2,OO
SR,UA
ARD,UA
PCR,UA
BCQ,UA
CYQ,UA
IA,UA
ZB,UA
VAQ,UA
LUQ,UA
HOQ,WN
AOQ,F9
APQ,F9
TV (1),F9
TV,F9
CWQ,AX
JD (1),OO
MEA,OO
BY,OO
AEF,OO
PNM,OO
WLH,UA
OS,UA
8C,UA
8C,UA
8C,UA
8C,UA
JR,UA
HRG,UA
XDH,UA
EXA,UA
CLB,UA
CSL,WN
MHK,YX
SYM,AX
NVQ,AX
TSQ,AX
TSQ,5X
UTQ,5X
UTQ,5X
IPQ,5X
LCQ,5X
TDQ (1),OO
TDQ,OO
EJQ,OO
PUQ,UA
ACQ,UA
ARQ,UA
ZUQ,UA
ITQ,UA
UD,UA
MYQ,UA
TNQ,UA
TNQ,UA
KA,UA
CW,UA
BUQ (1),UA
BUQ (1),UA
BUQ (1),UA
BUQ,YX
BUQ,YX
CQI,YX
ATH,YX
CLF,YX
NCE,F9
SCN,FX
TXE,FX
BEQ,FX
LNQ,G7
FQ,G7
KX,G7
KX,OO
4H,OO
LRQ,OO
SAH,OO
PU,OO
5X,OO
5X,OO
5X,OO
5X,UA
5X,UA
5X,UA
GAT,UA
ADR,UA
CRP,UA
DIA,UA
GFC,UA
LAP,UA
LEX,UA
TVL,UA
VAS,UA
ASQ,WN
GW (1),F9
CHT,F9
AS,F9
AS,DL
2R,G7
7P,OO
7P,OO
NZ,OO
NZ,OO
SE (1),UA
SRA,UA
TRR,UA
LKN,UA
DWN,UA
FYB,UA
CVQ,UA
EFQ,UA
GCQ,UA
ALD,UA
AVG,UA
CGO,UA
GWA,UA
PRD,UA
RDW,UA
NG,WN
9R,WN
9R,WN
9R,WN
9R,YX
9R,EM
9R,EM
9R,G7
9R,G7
BE,G7
KW,OO
KW,OO
KW,OO
KW,OO
KW,OO
KW,UA
KW,UA
KW,UA
KW,UA
QT,UA
QT,UA
JZ,UA
ZL,UA
VC,UA
MU (1),UA
MU,UA
DUL,UA
SYB,UA
TS,WN
TS,WN
XAH,WN
WL (1),YX
IPS,F9
RMH,F9
SNV,FX
TWE,FX
AZP,FX
XPQ,FX
XPQ,FX
XPQ,5X
NER,G7
NEX,G7
HCQ,G7
HCQ,OO
HCQ,OO
RTQ,OO
ROQ,OO
URQ,OO
4N,OO
UA,OO
UA,OO
UA,OO
UA,OO
AHA,OO
AIY,OO
FLA,OO
PAQ,UA
PAQ,UA
PAQ,UA
TB (1),UA
TB (1),UA
TB (1),UA
TB (1),UA
ZN,UA
ZN,WN
ZN,WN
ZN,WN
ZN,WN
FB,WN
KTQ,WN
BHQ,YX
ADV,YX
AWA,AX
KEA,AX
SOE,EV
HP,EV
HP,DL
HP,DL
ZS,G7
AKQ,G7
AKQ,OO
AKQ,OO
QQ,OO
VX (1),OO
6Y,UA
SI (1),UA
SI,UA
SI,UA
SOP,UA
SOP,UA
SOP,UA
HK,UA
TGQ,UA
KN,UA
KN,UA
LZ,UA
BR (1),UA
BR,UA
CPQ,UA
CPQ,WN
CPQ,WN
5Y,WN
5Y,WN
5Y,WN
5Y,YX
5Y,YX
RMV,YX
ECL,YX
CLQ,F9
ASN,F9
EXP,FX
RDR,EV
ECQ,4B
ECQ,G7
ECQ,OO
EXQ,OO
LGQ,UA
CS,UA
V5,UA
5J (1),UA
5J (1),UA
5J (1),UA
5J (1),UA
5J (1),UA
V9,UA
V9,WN
V9,WN
ECA,YX
LZQ,F9
MA,F9
SMQ,F9
LSQ,F9
OMQ,F9
OB,EM
G3 (1),G7
G3 (1),G7
GD,OO
GD,OO
UYQ,OO
PE (1),OO
PE (1),OO
PE,OO
U2,OO
PIQ,OO
AFE,OO
AFG,OO
AVL,UA
BUH,UA
FRS,UA
SKJ,WN
SLR,WN
SAQ,WN
SAQ,WN
SAQ,WN
6U,F9
7M,F9
BG,F9
ZW,F9
ZW,F9
ZW,FX
CRB,SY
GRA,SY
WA (1),AX
WA (1),AX
WA,AX
WA,4B
WA,4B
WA,4B
E8,G7
E8,G7
SBQ,G7
8L,OO
GF (1),OO
GF (1),OO
GF (1),OO
GF,OO
PDQ,OO
EZ,UA
EZ,UA
EZ,UA
EZ,UA
FJ (1),UA
FJ,UA
WV (1),WN
ASC,WN
ICH,WN
PFA,WN
GH,WN
SEQ,YX
AAQ,YX
MHO,FX
CPT,AA
DXA,AA
QD,AA
QD,AA
8J,AA
SIQ (1),AA
SIQ,DL
REQ,G7
REQ,G7
REQ,OO
BQ,OO
BQ,OO
BQ,OO
TXY,UA
WD,UA
W7,UA
BTQ,WN
HY,F9
DFS,F9
PNS,F9
SUA,F9
APN,F9
APN,NK
QO,NK
QO,NK
T3,NK
SXP,YV
FF,AX
FF,EV
FF,AA
FS,AA
FS,AA
QN,OO
7B,OO
MLX,OO
CTQ,UA
CTQ,UA
LF (1),UA
WO,UA
WO,UA
WO,UA
WO,WN
WO,WN
GJ (1),WN
OI,WN
OI,YX
EGJ,F9
6F,F9
6F,F9
6F,F9
PO,F9
PO,F9
PO,NK
PO,NK
PO,NK
PO,NK
PO,NK
PO,NK
SFQ (1),NK
SFQ,NK
SFQ,YV
SFQ,YV
SFQ,YV
SFQ,AS
SFQ,AS
NEQ,AX
UN,AX
UN,AA
EU,AA
EU,DL
SM,DL
SM,DL
SM,G7
FX,G7
FX,OO
FX,OO
FX,OO
FX,OO
FX,OO
FX,OO
FX,OO
FX,OO
NC,OO
NC,UA
NC,UA
NC,UA
TRQ,UA
TRQ,UA
ADB,UA
ADB,UA
DHQ,WN
MAV,WN
GDW,WN
XC,WN
XC,YX
AIC,F9
2T,F9
2T,F9
Q7 (1),F9
UX (1),F9
UX (1),F9
UX,F9
UX,F9
UX,F9
DE,F9
DE,F9
LU,F9
MTX,F9
SX (1),F9
SX (1),F9
H2,F9
PNQ,F9
PNQ,F9
PNQ,F9
GKQ,F9
7Z,F9
7Z,F9
MT (1),F9
1I,F9
1I,F9
1I,F9
MNA,F9
JMA,F9
CZ (1),F9
CZ (1),F9
CZ,F9
JAQ,F9
JAQ,F9
NET,F9
H5,F9
JK (1),F9
JK,F9
JK,F9
CC (1),F9
CC,F9
AUX,F9
8N,F9
8N,F9
KP,F9
KP,F9
TX (1),F9
TX,NK
TX,NK
SPQ,NK
SPQ,NK
SPQ,AS
SPQ,AS
SPQ,AX
T9,AX
T9,AA
T9,OO
T9,OO
T9,OO
MP,OO
MP,OO
PRQ,OO
PRQ,OO
PRQ,UA
PRQ,UA
PRQ,UA
PRQ,UA
PRQ,UA
PRQ,UA
PRQ,WN
PRQ,F9
HQQ,F9
M6,F9
M6,F9
M6,F9
M6,AX
M6,AX
M6,5X
M6,B6
6A,B6
ET,DL
BGQ,DL
VH,G7
VH,OO
M3,UA
SO,UA
AVC,UA
XPA,WN
BN (1),WN
BN (1),WN
BN,WN
TN,WN
LXQ,WN
ZA,YX
5G (1),F9
GFQ,F9
GFQ,5X
GFQ,OO
GFQ,OO
GFQ,UA
GFQ,UA
GFQ,WN
GFQ,WN
GFQ,WN
GFQ,YX
GFQ,F9
JJ,F9
W9,FX
W9,AX
L2,AX
L2,AA
L2,OO
L2,UA
L2,UA
L2,UA
L2,WN
XJ,F9
XJ,AX
XJ,DL
NI (1),OO
NI (1),OO
NI (1),UA
NI,UA
CDQ,UA
CDQ,UA
CDQ,UA
CDQ,UA
CDQ,WN
CDQ,WN
AIK,WN
LG,WN
N7,WN
PFQ,WN
PFQ,F9
PFQ,FX
PFQ,FX
PFQ,AX
LOQ,AX
LOQ,AX
6B,DL
6B,G7
TIE,OO
MJ,OO
OK,OO
OK,OO
OK,UA
NOQ,UA
JO,WN
NB,YX
LP (1),AX
LP,5X
N6,DL
9S,DL
9S,DL
9S,G7
9S,OO
9S,UA
FNQ,UA
FNQ,UA
FNQ,UA
FNQ,UA
FNQ,UA
NJ,UA
NJ,WN
GR,WN
GR,WN
GR,WN
GR,WN
JW,AX
JW,OO
JW,OO
JW,UA
JW,WN
WI,WN
WI,AS
WI,AX
WI,WN
WI,AS
WI,WN
WI,UA
WI,UA
WI,UA
KM,OO
CSN,ZK
CSA,UA
FRW,OO
5C,OO
AMQ,UA
AMQ,UA
AMQ,UA
C8 (1),UA
C8 (1),UA
FCQ,UA
FCQ,UA
FCQ,WN
FCQ,WN
FCQ,ZK
FCQ,DL
FCQ,OO
FCQ,OO
FCQ,OO
FCQ,OO
FCQ,OO
MG,UA
MG,UA
MG,WN
MG,WN
MG,DL
MG,DL
OV,OO
OV,UA
QK,UA
QK,DL
QK,G7
XP,UA
XP,UA
XP,UA
XP,UA
XP,WN
XP,WN
XP,G7
XP,OO
XP,UA
TQQ,F9
NQ,F9
PBQ,OO
TW,OO
TW,OO
TW,UA
TW,UA
TW,UA
SUX,UA
POQ,AX
AD (1),ZK
IW (1),DL
IW,OO
IW,OO
IW,UA
IW,UA
AEX,UA
AEX,UA
JKQ,UA
JKQ,WN
JKQ,WN
JKQ,YX
JKQ,ZK
JKQ,DL
JKQ,DL
JKQ,DL
VLA,OO
VLA,UA
A7 (1),UA
A7,WN
A7,DL
E7,DL
FSA,G7
FSA,G7
KAT,G7
KAT,OO
KS,OO
KS,OO
KS,UA
SNK,UA
SNK,WN
V4,EV
WS (1),AJQ
WS (1),OO
WS (1),OO
WS,OO
ZE (1),UA
K8,WN
K8,AJQ
A2,OO
LX,OO
8R,OO
4S (1),WN
4S (1),ZK
4S (1),ZK
4S (1),OO
4S (1),OO
4S,OO
AX,OO
AX,OO
AX,UA
AX,UA
A4,WN
CEQ,WN
SNB,AX
SNB,AX
ASW,4B
ASW,4B
NXQ,4B
J7,4B
POA,4B
POA,4B
TRI,4B
TRI,4B
ACJ,4B
ACJ,G7
EWA,OO
EWA,OO
8F,UA
8F,YX
NVX,AX
NVX,AX
5D,OO
OE,OO
OE,UA
9J,UA
9J,WN
9K,WN
9K,WN
9L,F9
9L,F9
9L,4B
9L,DL
9M,G7
ARZ,G7
CH,OO
CH,OO
CH,UA
GQ,UA
GQ,UA
GQ,WN
E72,DL
WLQ,OO
WLQ,OO
WLQ,OO
ELL,OO
ELL,OO
UR,OO
EM,OO
EM,OO
EM,UA
EM,UA
EM,UA
EMP,UA
F8,WN
F8,WN
GBQ,WN
GCH,WN
GCH,F9
GSQ,F9
HRZ,AX
HRZ,AX
JB,AX
JB,4B
WNQ,4B
WNQ,OO
KAH,UA
KAH,WN
NEW,WN
NEW,F9
NWS,NK
NWS,AX
OZ (1),AX
OZA,B6
OZA,B6
OZ,DL
RNQ,DL
RNQ,G7
RSV,OO
RSV,OO
SEB,OO
SEB,OO
S6 (1),UA
S6 (1),UA
S6 (1),WN
SMO,WN
SMO,F9
YB,AX
YB,AX
YB,AA
YB,AA
TCQ,OO
TCQ,OO
TCQ,UA
TCQ,UA
TCQ,UA
TCQ,F9
TCQ,F9
WRD,F9
VQ,F9
VQ,F9
WP,NK
WP,NK
WP,AX
WP,AX
WP,AA
TFQ,AA
TFQ,AA
TFQ,OO
WST,OO
WST,OO
WST,OO
ZP,OO
ZP,OO
ZV,OO
ZV,OO
ZV,OO
ZV,UA
ZX (1),UA
ZX,F9
SG,F9
ML (1),F9
ML (1),F9
ML,F9
JI (1),F9
JI (1),F9
JX (1),NK
JX,AX
JX,AX
JX,AA
LW,WN
LW,WN
LW,WN
KR (1),G7
KR,WN
KR,G7
KR,OO
KR,G7
KR,WN
KR,AX
KR,UA
NLQ,AX
OO,UA
OO,OO
OO,OO
OO,UA
OO,UA
PCQ,UA
PCQ,WN
PCQ,OO
PCQ,OO
PCQ,OO
PCQ,UA
VV (1),UA
VV (1),UA
VV (1),WN
VV (1),WN
VV (2),WN
VV (2),UA
VV (2),AX
WE,AX
WE,WN
WE,WN
WE,AX
WE,WN
WE,WN
WE,YX
VV,WN
WL,AX
WL,WN
WL,WN
WL,WN
WL,WN
WL,OO
WL,UA
WL,4B
WL,ZK
WL,ZK
JCQ,4B
TZ,WN
TZ,WN
TZ,WN
TZ,AS
TZ,UA
TZ,UA
TZ,AS
TZ,UA
TZ,UA
TZ,F9
W8,UA
W8,UA
W8,AA
YX (1),OO
YX (1),UA
YX (1),F9
7G (1),WN
7G (1),AA
7G (1),WN
5B,UA
7G,UA
4B (1),UA
4B (1),WN
4B (1),WN
2E,WN
2E,WN
2E,WN
2F,WN
2F,WN
2F,WN
2F,WN
4E,WN
4EQ,OO
4EQ,UA
4EQ,OO
4EQ,WN
4W,OO
4W,WN
4Y,VX
4Y,VX
5F,WN
5F,WN
5F,OO
6C,WN
6C,AA
6C,OO
7H,WN
7H,MQ
7H,YV
7N,MQ
7N,AA
7N,YV
7S (1),WN
7S (1),OO
7S (1),UA
7S,AA
7S,AA
7S,WN
8E,WN
8E,WN
8E,WN
8Q,WN
8Q,OO
8Q,UA
8V,OO
8V,OO
8V,UA
MT,WN
MT,WN
MT,UA
MT,WN
E9,WN
E9,WN
E9,OO
E9,WN
E9,G7
E9,G7
E9,WN
E9,WN
E9,UA
H6,WN
H6,AA
H6,AA
J5,WN
J5,WN
J5,WN
J5,OO
J6,UA
J6,WN
J6,WN
JF,WN
JF,OO
K5,UA
K5,OO
K5,OO
K5,WN
K5,WN
KO,DL
KO,WN
KO,WN
Q5,DL
Q5,UA
Q5,DL
RD (1),DL
RD (1),WN
RD (1),WN
RD,WN
RD,WN
RD,UA
RD,WN
RD,WN
RD,OO
RD,OO
RD,WN
RD,AA
RD,AA
RD,WN
RD,WN
RD,WN
RGQ,WN
V8,UA
V8,AA
V8,UA
P9,WN
P9,AA
P9,
XL,
Z3 (1),
Z3 (1),
Z3 (1),
4M (1),
FE,
FE,
WAW,
8D,
8D,
8D,
8D,
AJQ,
AJQ,
AJQ,
AJQ,
US,
US,
US,
US,
US,
US,
US,
US,
AL,
AL,
AL,
AL,
ER,
ER,
ER,
ER,
ER,
ER,
ER,
ER,
ER,
ER,
ER,
ER,
ER,
ZK,
ZK,
ZK,
ZK,
TBQ,
S4,
2U,
CK,
9E,
9E,
9E,
9E,
9E,
9E,
9E,
C6,
CZQ,
CZQ,
CZQ,
EV,
EV,
EV,
EV,
EV,
EV,
EV,
EV,
EV,
EV,
EV,
FRA,
FRA,
G4,
G4,
G4,
G4,
G4,
G4,
G4,
KAQ,
KAQ,
KAQ,
KAQ,
KAQ,
KAQ,
KAQ,
KAQ,
KAQ,
KAQ,
RLQ,
RLQ,
RLQ,
RLQ,
RLQ,
RLQ,
KLQ,
KLQ,
KLQ,
KLQ,
KLQ,
KLQ,
PPQ,
XE,
XE,
XE,
XE,
XE,
XE,
XE,
XE,
XE,
XE,
XE,
TZQ,
TZQ,
W4,
X9,
X9,
X9,
X9,
X9,
X9,
X9,
YV,
YV,
YV,
YV,
YV,
YV,
YV,
YV,
ZKQ,
ZKQ,
ZKQ,
ZKQ,
PEQ,
PEQ,
EUQ,
VCQ,
K3,
K3,
K3,
K3,
PA (1),
PA (1),
PA (1),
PA (1),
OP (1),
PA (2),
PA (2),
PA (2),
PN,
PN,
PN,
PN,
PN,
PN,
PN,
OP,
OP,
PA,
4T,
6H,
EK,
HQ (1),
HQ,
HQ,
MM (1),
MM,
OH,
OH,
OH,
OH,
OH,
OH,
OH,
MQ,
MQ,
MQ,
MQ,
MQ,
MQ,
MQ,
PLQ,
PLQ,
PLQ,
PLQ,
PT (1),
PT (1),
PT (1),
PT (1),
PT (1),
PT (1),
PT (1),
3M,
3M,
3M,
3M,
GL,
GL,
GL,
GL,
GL,
GL,
GL,
GL,
GL,
DH (1),
DH,
DH,
DH,
DH,
DH,
N8,
N8,
N8,
N8,
N8,
BNQ,
BNQ,
BNQ,
BNQ,
BNQ,
BNQ,
3C,
3C,
3C,
5V,
5V,
5V,
5V,
5V,
B6,
B6,
B6,
B6,
CSQ,
K7,
K7,
N5 (1),
N5,
N5,
N5,
N5,
OW,
OW,
OW,
OW,
OW,
NA,
NA,
NA,
NA,
NA,
NA,
NK,
NK,
NK,
NK,
NK,
OH (1),
OH (1),
OH (1),
OH (1),
OH (1),
RP,
RP,
RP,
RP,
RP,
RL (1),
RL,
RL,
RL,
RL,
RL,
RL,
SLQ,
SLQ,
SLQ,
SLQ,
SLQ,
SLQ,
SLQ,
SLQ,
SLQ,
SLQ,
SLQ,
SY,
SY,
SY,
SY,
SY,
SY,
SY,
SY,
SY,
SY,
U5,
U5,
U5,
U5,
U5,
U5,
YR,
YR,
YR,
YR,
YR,
VIQ (1),
VIQ (1),
VIQ (1),
VI,
VI,
PT,
PT,
PT,
PT,
VIQ,
VIQ,
AVQ,
AYQ,
BAQ,
BDQ,
BIQ,
BJQ,
FL (1),
F9,
F9,
F9,
F9,
F9,
F9,
FL,
FL,
FL,
FL,
FL,
HB (1),
HB,
LC (1),
LC (2),
LC,
2O,
2O,
2O,
2O,
2O,
JN,
C5,
C5,
C5,
M7,
M7,
M7,
U7,
U7,
U7,
U7,
U7,
U7,
U7,
U7,
U7,
U7,
U7,
U7,
U7,
U7,
S5,
S5,
S5,
S5,
WEQ,
F2,
F2,
F2,
F2,
F2,
F2,
TH,
YX,
YX,
YX,
YX,
YX,
YX,
ABX,
ABX,
ABX,
ABX,
ABX,
ABX,
ABX,
ABX,
ABX,
E0,
E0,
GV,
GV,
GV,
GV,
GV,
GS,
G7,
G7,
MOQ,
MY,
MY,
MY,
MY,
MY,
MY,
BZQ,
CAQ,
Z3,
Z3,
HBQ,
TIQ,
EAQ,
02Q,
OR,
6R,
6R,
GG,
GG,
Y2,
WAP,
04Q,
4M,
UH,
05Q,
NJE,
EY,
3F,
Y7,
9T,
37,
A0,
9N,
VSA,
06Q,
0J,
07Q,
9V,
0Q,
Q4,
IGA,
SVW,
09Q,
09Q,
09Q,
CP,
CP,
CP,
CP,
VX,
VX,
VX,
VX,
VX,
SX,
5G,
0BQ,
GJ,
0CQ,
JI,
CAZ,
0GQ,
0HQ,
L3,
L3,
L3,
XF,
PD,
WG,
0JQ,
0JQ,
0JQ,
0JQ,
0JQ,
0JQ,
MW,
MW,
S6,
0LQ,
0MQ,
S3,
9W,
QR,
Y8,
HU,
JAG,
0OQ,
TRA,
7Q,
FP,
0QQ,
0RQ,
WV,
0TQ,
5L,
IJ,
0UQ,
VB,
0VQ,
Y4,
0WQ,
JQ,
AB,
SE,
BES,
L7,
0YQ,
X4,
X4,
VA,
PM,
PM,
PM,
CRV,
10Q,
7I,
7I,
LJ,
PP,
12Q,
3S,
IG,
SS,
SS,
13Q,
EXC,
EXC,
14Q,
15Q,
17Q,
BC,
4C,
W3,
1AQ,
1AQ,
RU,
1BQ,
1BQ,
1BQ,
1BQ,
1BQ,
1DQ,
2K,
QS,
1EQ,
1FQ,
VW,
OF,
1HQ,
1IQ,
TB,
3U,
1JQ,
SN,
VJT,
LDM,
LDM,
1SQ,
1LQ,
R3,
1TQ,
1TQ,
1TQ,
4O,
DY,
C8,
RVQ,
EQ,
1MQ,
1UQ,
7C,
I4,
I4,
1WQ,
1NQ,
WW,
4B,
1XQ,
G3,
OJ,
PS,
RV,
RS,
1PQ,
1PQ,
1QQ,
1YQ,
1RQ,
1RQ,
Q7,
LS,
B0,
KD,
KD,
1ZQ,
20Q,
20Q,
20Q,
KH,
LF,
LF,
LF,
22Q,
AD,
23Q,
23Q,
23Q,
23Q,
24Q,
GW,
25Q,
EE,
EE,
26Q,
27Q,
27Q,
28Q,
29Q,
2AQ,
D7,
BX,
2BQ,
O6,
2DQ,
FC,
8I,
2EQ,
3SD,
5J,
J2,
2GQ,
7L,
R2,
WR,
HX,
2HQ,
2HQ,
2HQ,
2JQ,
EW,
AAB,
2KQ,
JU,
2LQ,
2NQ,
2OQ,
2PQ,
2PQ,
2PQ,
2RQ,
2TQ,
MF,
2P,
P3,
ZE,
UO,
0FQ,
2UQ,
K2,
JD,
D8,
30Q,
34Q,
34Q,
34Q,
TR,
,
,
,
,
,
,
,
,
,
,
,
,
,
,
,
,
,
,
,
,
,
,
,
,
,
,
,
,
,
,
,
,
,
,
,
,
,
,
,
,
,
,
,
,
,
,
,
,
,
,
,
,
,
,
,
,
,
,
,
,
,
,
,
,
,
,
,
,
,
,
,
,
,
,
,
,
,
,
,
,
,
,
,
,
,
,
,
,
,
,
,
,
,
,
,
,
,
,
,
,
,
,
,
,
,
,
,
,
,
,
,
,
,
,
,
,
,
,
,
,
,
,
,
,
,
,
,
,
,
,
,
,
,
,
,
,
,
,
,
,
,
,
,
,
,
,
,
,
,
,
,
,
,
,
,
,
,
,
,
,
,
,
,
,
,
,
,
,
,
,
,
,
,
,
,
,
,
,
,
,
,
,
,
,
,
,
,
,
,
,
,
,
,
,
,
,
,
,
,
,
,
,
,
,
,
,
,
,
,
,
,
,
,
,
,
,
,
,
,
,
,
,
,
,
,
,
,
,
,
,
,
,
,
,
,
,
,
,
,
,
,
,
,
,
,
,
,
,
,
,
,
,
,
,
,
,
,
,
,
,
,
,
,
,
,
,
,
,
,
,
,
,
,
,
,
,
,
,
,
,
,
,
,
,
,
,
,
,
,
,
,
,
,
,
,
,
,
,
,
,
,
,
,
,
,
,
,
,
,
,
,
,
,
,
,
,
,
,
,
,
,
,
,
,
,
,
,
,
,
,
,
,
,
,
,
,
,
,
,
,
,
,
,
,
,
,
,
,
,
,
,
,
,
,
,
,
,
,
,
,
,
,
,
,
,
,
,
,
,
,
,
,
,
,
,
,
,
,
,
,
,
,
,
,
,
,
,
,
,
,
,
,
,
,
,
,
,
,
,
,
,
,
,
,
,
,
,
,
,
,
,
,
,
,
,
,
,
,
,
,
,
,
,
,
,
,
,
,
,
,
,
,
,
,
,
,
,
,
,
,
,
,
,
,
,
,
,
,
,
,
,
,
,
,
,
,
,
,
,
,
,
,
,
,
,
,
,
,
,
,
,
,
,
,
,
,
,
,
,
,
,
,
,
,
,
,
,
,
,
,
,
,
,
,
,
,
,
,
,
,
,
,
,
,
,
,
,
,
,
,
,
,
,
,
,
,
,
,
,
,
,
,
,
,
,
,
,
,
,
,
,
,
,
,
,
,
,
,
,
,
,
,
,
,
,
,
,
,
,
,
,
,
,
,
,
,
,
,
,
,
,
,
,
,
,
,
,
,
,
,
,
,
,
,
,
,
,
,
,
,
,
,
,
,
,
,
,
,
,
,
,
,
,
,
,
,
,
,
,
,
,
,
,
,
,
,
,
,
,
,
,
,
,
,
,
,
,
,
,
,
,
,
,
,
,
,
,
,
,
,
,
,
,
,
,
,
,
,
,
,
,
,
,
,
,
,
,
,
,
,
,
,
,
,
,
,
,
,
,
,
,
,
,
,
,
,
,
,
,
,
,
,
,
,
,
,
,
,
,
,
,
,
,
,
,
,
,
,
,
,
,
,
,
,
,
,
,
,
,
,
,
,
,
,
,
,
,
,
,
,
,
,
,
,
,
,
,
,
,
,
,
,
,
,
,
,
,
,
,
,
,
,
,
,
,
,
,
,
,
,
,
,
,
,
,
,
,
,
,
,
,
,
,
,
,
,
,
,
,
,
,
,
,
,
,
,
,
,
,
,
,
,
,
,
,
,
,
,
,
,
,
,
,
,
,
,
,
,
,
,
,
,
,
,
,
,
,
,
,
,
,
,
,
,
,
,
,
,
,
,
,
,
,
,
,
,
,
,
,
,
,
,
,
,
,
,
,
,
,
,
,
,
,
,
,
,
,
,
,
,
,
,
,
,
,
,
,
,
,
,
,
,
,
,
,
,
,
,
,
,
,
,
,
,
,
,
,
,
,
,
,
,
,
,
,
,
,
,
,
,
,
,
,
,
,
,
,
,
,
,
,
,
,
,
,
,
,
,
,
,
,
,
,
,
,
,
,
,
,
,
,
,
,
,
,
,
,
,
,
,
,
,
,
,
,
,
,
,
,
,
,
,
,
,
,
,
,
,
,
,
,
,
,
,
,
,
,
,
,
,
,
,
,
,
,
,
,
,
,
,
,
,
,
,
,
,
,
,
,
,
,
,
,
,
,
,
,
,
,
,
,
,
,
,
,
,
,
,
,
,
,
,
,
,
,
,
,
,
,
,
,
,
,
,
,
,
,
,
